{"accuracy": [0.9933769106864929, 0.9936789274215698, 0.9928807020187378, 0.993808388710022, 0.9941967129707336, 0.9957500100135803, 0.9950380921363831, 0.9964835047721863, 0.9943045973777771, 0.9943045973777771, 0.9956852793693542, 0.9956421256065369, 0.9948870539665222, 0.9952106475830078], "loss": [0.021390926092863083, 0.01996733620762825, 0.022205056622624397, 0.019874153658747673, 0.018403196707367897, 0.014216963201761246, 0.016353225335478783, 0.012456261552870274, 0.01914636231958866, 0.019584672525525093, 0.015125039033591747, 0.013752481900155544, 0.01606648974120617, 0.015648530796170235], "val_accuracy": [0.9793752431869507, 0.9818778038024902, 0.9656541347503662, 0.9721263647079468, 0.9744563102722168, 0.9746289253234863, 0.9762685298919678, 0.9809285402297974, 0.9812737107276917, 0.9735070466995239, 0.9768726229667664, 0.9777355790138245, 0.973852276802063, 0.9792026281356812], "val_loss": [0.0888766273856163, 0.07245829701423645, 0.1358649879693985, 0.10576914250850677, 0.10015163570642471, 0.11391076445579529, 0.09792130440473557, 0.079892098903656, 0.07994674146175385, 0.08673089742660522, 0.09334684908390045, 0.10814961791038513, 0.11185114830732346, 0.0913093090057373]}